epoch,lr,train_loss,val_loss,val_brier,val_score,val_acc,minutes
1,0.001,0.5154813499808493,0.40664368867874146,0.13155856728553772,0.8684414327144623,0.8057275981589863,2.575215048333242
2,0.0009797464868072487,0.34443285427635073,0.3191269636154175,0.10185003280639648,0.8981499671936035,0.8468094778112393,2.2443972333334385
3,0.0009206267664155906,0.30357937593095546,0.26457762718200684,0.08516308665275574,0.9148369133472443,0.874481504630945,2.230649746666556
4,0.0008274303669726426,0.2797779063389691,0.2634022533893585,0.08470894396305084,0.9152910560369492,0.8755042900164782,2.1842731966668603
5,0.0007077075065009433,0.26223453043242495,0.2261238545179367,0.07152017951011658,0.9284798204898834,0.8973805329848287,2.1919439166665446
6,0.0005711574191366427,0.24586948891061108,0.21392829716205597,0.06813889741897583,0.9318611025810242,0.8972668901642139,2.171368744999927
7,0.0004288425808633575,0.2320933385932323,0.19172148406505585,0.0607096329331398,0.9392903670668602,0.9128927779987499,2.255541953333401
8,0.0002922924934990568,0.2173797285166453,0.1819622665643692,0.05723994970321655,0.9427600502967834,0.9162452412068868,2.2775672316667626
9,0.0001725696330273575,0.205945166880872,0.16475625336170197,0.051798924803733826,0.9482010751962662,0.9253934882663788,2.2717584166666103
10,7.937323358440934e-05,0.19599509280232358,0.15818148851394653,0.04962681606411934,0.9503731839358807,0.9297687368600489,2.2893188850001023
11,2.025351319275137e-05,0.18974703410304364,0.155573770403862,0.04876931384205818,0.9512306861579418,0.9300528439115859,2.181743528333512
12,0.0,0.18737943977191202,0.15512098371982574,0.04863595589995384,0.9513640441000462,0.9299960225012784,2.2499657316666952
